{
  "total_ratings": 100000,
  "n_users": 943,
  "n_items": 1682,
  "mean_rating": 3.52986,
  "std_rating": 1.125673599144316
}